Workbook

Sheet Lisez-moi
A1: Classeur de calculs obligataires sur la courbe zéro-coupon de la Banque du Canada.
A2: Courbe du 2026-08-12 (source : bankofcanada.ca, décimales converties en %).
A3: Convention : composition continue, facteur d'actualisation EXP(-z*t) (BIS Papers 25).
A4: Feuille Obligation : changez le coupon (B2) ou l'échéance (B3), tout se recalcule.
A5: L'échéance est arrondie au pas de coupon le plus proche (0,5 an par défaut) et plafonne à 30 ans.
A6: Feuille Chocs : les six scénarios IRRBB (CAD : 200/275/175 pb, BCBS d578 2024) revalorisent l'obligation.
A7: Les formules sont vivantes : aucun chiffre collé, tout part de la feuille Courbe.

Sheet Courbe
A1: Échéance (années) | B1: Taux zéro (%)
A2: 0.25 | B2: 2.2948
A3: 0.5 | B3: 2.4131
A4: 0.75 | B4: 2.5326
A5: 1 | B5: 2.6516
A6: 1.25 | B6: 2.7697
A7: 1.5 | B7: 2.839
A8: 1.75 | B8: 2.8987
A9: 2 | B9: 2.9506
A10: 2.25 | B10: 2.9962
A11: 2.5 | B11: 3.0364
A12: 2.75 | B12: 3.0725
A13: 3 | B13: 3.1052
... A121: 30 | B121: 4.1655

Sheet Obligation
A1: Paramètres
A2: Coupon annuel (%) | B2: 4
A3: Échéance (années) | B3: 10
A4: Nominal | B4: 100
A5: Coupons par an | B5: 2
A7: t (années) | B7: Flux | C7: Taux zéro (%) | D7: Facteur EXP(-z*t) | E7: Flux actualisé | F7: t x flux actualisé
A8: =1/$B$5 | B8: =IF(ROUND(A8*$B$5,0)>ROUND($B$3*$B$5,0),0,$B$4*$B$2/100/$B$5+IF(ROUND(A8*$B$5,0)=ROUND($B$3*$B$5,0),$B$4,0)) | C8: =IFERROR(VLOOKUP(A8,Courbe!$A$2:$B$121,2,FALSE),0) | D8: =EXP(-C8/100*A8) | E8: =B8*D8 | F8: =A8*E8
A9: =2/$B$5 | B9: =IF(ROUND(A9*$B$5,0)>ROUND($B$3*$B$5,0),0,$B$4*$B$2/100/$B$5+IF(ROUND(A9*$B$5,0)=ROUND($B$3*$B$5,0),$B$4,0)) | C9: =IFERROR(VLOOKUP(A9,Courbe!$A$2:$B$121,2,FALSE),0) | D9: =EXP(-C9/100*A9) | E9: =B9*D9 | F9: =A9*E9
A10: =3/$B$5 | B10: =IF(ROUND(A10*$B$5,0)>ROUND($B$3*$B$5,0),0,$B$4*$B$2/100/$B$5+IF(ROUND(A10*$B$5,0)=ROUND($B$3*$B$5,0),$B$4,0)) | C10: =IFERROR(VLOOKUP(A10,Courbe!$A$2:$B$121,2,FALSE),0) | D10: =EXP(-C10/100*A10) | E10: =B10*D10 | F10: =A10*E10
A11: =4/$B$5 | B11: =IF(ROUND(A11*$B$5,0)>ROUND($B$3*$B$5,0),0,$B$4*$B$2/100/$B$5+IF(ROUND(A11*$B$5,0)=ROUND($B$3*$B$5,0),$B$4,0)) | C11: =IFERROR(VLOOKUP(A11,Courbe!$A$2:$B$121,2,FALSE),0) | D11: =EXP(-C11/100*A11) | E11: =B11*D11 | F11: =A11*E11
A12: =5/$B$5 | B12: =IF(ROUND(A12*$B$5,0)>ROUND($B$3*$B$5,0),0,$B$4*$B$2/100/$B$5+IF(ROUND(A12*$B$5,0)=ROUND($B$3*$B$5,0),$B$4,0)) | C12: =IFERROR(VLOOKUP(A12,Courbe!$A$2:$B$121,2,FALSE),0) | D12: =EXP(-C12/100*A12) | E12: =B12*D12 | F12: =A12*E12
A13: =6/$B$5 | B13: =IF(ROUND(A13*$B$5,0)>ROUND($B$3*$B$5,0),0,$B$4*$B$2/100/$B$5+IF(ROUND(A13*$B$5,0)=ROUND($B$3*$B$5,0),$B$4,0)) | C13: =IFERROR(VLOOKUP(A13,Courbe!$A$2:$B$121,2,FALSE),0) | D13: =EXP(-C13/100*A13) | E13: =B13*D13 | F13: =A13*E13
A14: =7/$B$5 | B14: =IF(ROUND(A14*$B$5,0)>ROUND($B$3*$B$5,0),0,$B$4*$B$2/100/$B$5+IF(ROUND(A14*$B$5,0)=ROUND($B$3*$B$5,0),$B$4,0)) | C14: =IFERROR(VLOOKUP(A14,Courbe!$A$2:$B$121,2,FALSE),0) | D14: =EXP(-C14/100*A14) | E14: =B14*D14 | F14: =A14*E14
A15: =8/$B$5 | B15: =IF(ROUND(A15*$B$5,0)>ROUND($B$3*$B$5,0),0,$B$4*$B$2/100/$B$5+IF(ROUND(A15*$B$5,0)=ROUND($B$3*$B$5,0),$B$4,0)) | C15: =IFERROR(VLOOKUP(A15,Courbe!$A$2:$B$121,2,FALSE),0) | D15: =EXP(-C15/100*A15) | E15: =B15*D15 | F15: =A15*E15
A16: =9/$B$5 | B16: =IF(ROUND(A16*$B$5,0)>ROUND($B$3*$B$5,0),0,$B$4*$B$2/100/$B$5+IF(ROUND(A16*$B$5,0)=ROUND($B$3*$B$5,0),$B$4,0)) | C16: =IFERROR(VLOOKUP(A16,Courbe!$A$2:$B$121,2,FALSE),0) | D16: =EXP(-C16/100*A16) | E16: =B16*D16 | F16: =A16*E16
A17: =10/$B$5 | B17: =IF(ROUND(A17*$B$5,0)>ROUND($B$3*$B$5,0),0,$B$4*$B$2/100/$B$5+IF(ROUND(A17*$B$5,0)=ROUND($B$3*$B$5,0),$B$4,0)) | C17: =IFERROR(VLOOKUP(A17,Courbe!$A$2:$B$121,2,FALSE),0) | D17: =EXP(-C17/100*A17) | E17: =B17*D17 | F17: =A17*E17
A18: =11/$B$5 | B18: =IF(ROUND(A18*$B$5,0)>ROUND($B$3*$B$5,0),0,$B$4*$B$2/100/$B$5+IF(ROUND(A18*$B$5,0)=ROUND($B$3*$B$5,0),$B$4,0)) | C18: =IFERROR(VLOOKUP(A18,Courbe!$A$2:$B$121,2,FALSE),0) | D18: =EXP(-C18/100*A18) | E18: =B18*D18 | F18: =A18*E18
A19: =12/$B$5 | B19: =IF(ROUND(A19*$B$5,0)>ROUND($B$3*$B$5,0),0,$B$4*$B$2/100/$B$5+IF(ROUND(A19*$B$5,0)=ROUND($B$3*$B$5,0),$B$4,0)) | C19: =IFERROR(VLOOKUP(A19,Courbe!$A$2:$B$121,2,FALSE),0) | D19: =EXP(-C19/100*A19) | E19: =B19*D19 | F19: =A19*E19
A20: =13/$B$5 | B20: =IF(ROUND(A20*$B$5,0)>ROUND($B$3*$B$5,0),0,$B$4*$B$2/100/$B$5+IF(ROUND(A20*$B$5,0)=ROUND($B$3*$B$5,0),$B$4,0)) | C20: =IFERROR(VLOOKUP(A20,Courbe!$A$2:$B$121,2,FALSE),0) | D20: =EXP(-C20/100*A20) | E20: =B20*D20 | F20: =A20*E20
A21: =14/$B$5 | B21: =IF(ROUND(A21*$B$5,0)>ROUND($B$3*$B$5,0),0,$B$4*$B$2/100/$B$5+IF(ROUND(A21*$B$5,0)=ROUND($B$3*$B$5,0),$B$4,0)) | C21: =IFERROR(VLOOKUP(A21,Courbe!$A$2:$B$121,2,FALSE),0) | D21: =EXP(-C21/100*A21) | E21: =B21*D21 | F21: =A21*E21
A22: =15/$B$5 | B22: =IF(ROUND(A22*$B$5,0)>ROUND($B$3*$B$5,0),0,$B$4*$B$2/100/$B$5+IF(ROUND(A22*$B$5,0)=ROUND($B$3*$B$5,0),$B$4,0)) | C22: =IFERROR(VLOOKUP(A22,Courbe!$A$2:$B$121,2,FALSE),0) | D22: =EXP(-C22/100*A22) | E22: =B22*D22 | F22: =A22*E22
A23: =16/$B$5 | B23: =IF(ROUND(A23*$B$5,0)>ROUND($B$3*$B$5,0),0,$B$4*$B$2/100/$B$5+IF(ROUND(A23*$B$5,0)=ROUND($B$3*$B$5,0),$B$4,0)) | C23: =IFERROR(VLOOKUP(A23,Courbe!$A$2:$B$121,2,FALSE),0) | D23: =EXP(-C23/100*A23) | E23: =B23*D23 | F23: =A23*E23
A24: =17/$B$5 | B24: =IF(ROUND(A24*$B$5,0)>ROUND($B$3*$B$5,0),0,$B$4*$B$2/100/$B$5+IF(ROUND(A24*$B$5,0)=ROUND($B$3*$B$5,0),$B$4,0)) | C24: =IFERROR(VLOOKUP(A24,Courbe!$A$2:$B$121,2,FALSE),0) | D24: =EXP(-C24/100*A24) | E24: =B24*D24 | F24: =A24*E24
A25: =18/$B$5 | B25: =IF(ROUND(A25*$B$5,0)>ROUND($B$3*$B$5,0),0,$B$4*$B$2/100/$B$5+IF(ROUND(A25*$B$5,0)=ROUND($B$3*$B$5,0),$B$4,0)) | C25: =IFERROR(VLOOKUP(A25,Courbe!$A$2:$B$121,2,FALSE),0) | D25: =EXP(-C25/100*A25) | E25: =B25*D25 | F25: =A25*E25
A26: =19/$B$5 | B26: =IF(ROUND(A26*$B$5,0)>ROUND($B$3*$B$5,0),0,$B$4*$B$2/100/$B$5+IF(ROUND(A26*$B$5,0)=ROUND($B$3*$B$5,0),$B$4,0)) | C26: =IFERROR(VLOOKUP(A26,Courbe!$A$2:$B$121,2,FALSE),0) | D26: =EXP(-C26/100*A26) | E26: =B26*D26 | F26: =A26*E26
A27: =20/$B$5 | B27: =IF(ROUND(A27*$B$5,0)>ROUND($B$3*$B$5,0),0,$B$4*$B$2/100/$B$5+IF(ROUND(A27*$B$5,0)=ROUND($B$3*$B$5,0),$B$4,0)) | C27: =IFERROR(VLOOKUP(A27,Courbe!$A$2:$B$121,2,FALSE),0) | D27: =EXP(-C27/100*A27) | E27: =B27*D27 | F27: =A27*E27
A28: =21/$B$5 | B28: =IF(ROUND(A28*$B$5,0)>ROUND($B$3*$B$5,0),0,$B$4*$B$2/100/$B$5+IF(ROUND(A28*$B$5,0)=ROUND($B$3*$B$5,0),$B$4,0)) | C28: =IFERROR(VLOOKUP(A28,Courbe!$A$2:$B$121,2,FALSE),0) | D28: =EXP(-C28/100*A28) | E28: =B28*D28 | F28: =A28*E28
A29: =22/$B$5 | B29: =IF(ROUND(A29*$B$5,0)>ROUND($B$3*$B$5,0),0,$B$4*$B$2/100/$B$5+IF(ROUND(A29*$B$5,0)=ROUND($B$3*$B$5,0),$B$4,0)) | C29: =IFERROR(VLOOKUP(A29,Courbe!$A$2:$B$121,2,FALSE),0) | D29: =EXP(-C29/100*A29) | E29: =B29*D29 | F29: =A29*E29
A30: =23/$B$5 | B30: =IF(ROUND(A30*$B$5,0)>ROUND($B$3*$B$5,0),0,$B$4*$B$2/100/$B$5+IF(ROUND(A30*$B$5,0)=ROUND($B$3*$B$5,0),$B$4,0)) | C30: =IFERROR(VLOOKUP(A30,Courbe!$A$2:$B$121,2,FALSE),0) | D30: =EXP(-C30/100*A30) | E30: =B30*D30 | F30: =A30*E30
A31: =24/$B$5 | B31: =IF(ROUND(A31*$B$5,0)>ROUND($B$3*$B$5,0),0,$B$4*$B$2/100/$B$5+IF(ROUND(A31*$B$5,0)=ROUND($B$3*$B$5,0),$B$4,0)) | C31: =IFERROR(VLOOKUP(A31,Courbe!$A$2:$B$121,2,FALSE),0) | D31: =EXP(-C31/100*A31) | E31: =B31*D31 | F31: =A31*E31
A32: =25/$B$5 | B32: =IF(ROUND(A32*$B$5,0)>ROUND($B$3*$B$5,0),0,$B$4*$B$2/100/$B$5+IF(ROUND(A32*$B$5,0)=ROUND($B$3*$B$5,0),$B$4,0)) | C32: =IFERROR(VLOOKUP(A32,Courbe!$A$2:$B$121,2,FALSE),0) | D32: =EXP(-C32/100*A32) | E32: =B32*D32 | F32: =A32*E32
A33: =26/$B$5 | B33: =IF(ROUND(A33*$B$5,0)>ROUND($B$3*$B$5,0),0,$B$4*$B$2/100/$B$5+IF(ROUND(A33*$B$5,0)=ROUND($B$3*$B$5,0),$B$4,0)) | C33: =IFERROR(VLOOKUP(A33,Courbe!$A$2:$B$121,2,FALSE),0) | D33: =EXP(-C33/100*A33) | E33: =B33*D33 | F33: =A33*E33
A34: =27/$B$5 | B34: =IF(ROUND(A34*$B$5,0)>ROUND($B$3*$B$5,0),0,$B$4*$B$2/100/$B$5+IF(ROUND(A34*$B$5,0)=ROUND($B$3*$B$5,0),$B$4,0)) | C34: =IFERROR(VLOOKUP(A34,Courbe!$A$2:$B$121,2,FALSE),0) | D34: =EXP(-C34/100*A34) | E34: =B34*D34 | F34: =A34*E34
A35: =28/$B$5 | B35: =IF(ROUND(A35*$B$5,0)>ROUND($B$3*$B$5,0),0,$B$4*$B$2/100/$B$5+IF(ROUND(A35*$B$5,0)=ROUND($B$3*$B$5,0),$B$4,0)) | C35: =IFERROR(VLOOKUP(A35,Courbe!$A$2:$B$121,2,FALSE),0) | D35: =EXP(-C35/100*A35) | E35: =B35*D35 | F35: =A35*E35
A36: =29/$B$5 | B36: =IF(ROUND(A36*$B$5,0)>ROUND($B$3*$B$5,0),0,$B$4*$B$2/100/$B$5+IF(ROUND(A36*$B$5,0)=ROUND($B$3*$B$5,0),$B$4,0)) | C36: =IFERROR(VLOOKUP(A36,Courbe!$A$2:$B$121,2,FALSE),0) | D36: =EXP(-C36/100*A36) | E36: =B36*D36 | F36: =A36*E36
A37: =30/$B$5 | B37: =IF(ROUND(A37*$B$5,0)>ROUND($B$3*$B$5,0),0,$B$4*$B$2/100/$B$5+IF(ROUND(A37*$B$5,0)=ROUND($B$3*$B$5,0),$B$4,0)) | C37: =IFERROR(VLOOKUP(A37,Courbe!$A$2:$B$121,2,FALSE),0) | D37: =EXP(-C37/100*A37) | E37: =B37*D37 | F37: =A37*E37
A38: =31/$B$5 | B38: =IF(ROUND(A38*$B$5,0)>ROUND($B$3*$B$5,0),0,$B$4*$B$2/100/$B$5+IF(ROUND(A38*$B$5,0)=ROUND($B$3*$B$5,0),$B$4,0)) | C38: =IFERROR(VLOOKUP(A38,Courbe!$A$2:$B$121,2,FALSE),0) | D38: =EXP(-C38/100*A38) | E38: =B38*D38 | F38: =A38*E38
A39: =32/$B$5 | B39: =IF(ROUND(A39*$B$5,0)>ROUND($B$3*$B$5,0),0,$B$4*$B$2/100/$B$5+IF(ROUND(A39*$B$5,0)=ROUND($B$3*$B$5,0),$B$4,0)) | C39: =IFERROR(VLOOKUP(A39,Courbe!$A$2:$B$121,2,FALSE),0) | D39: =EXP(-C39/100*A39) | E39: =B39*D39 | F39: =A39*E39
A40: =33/$B$5 | B40: =IF(ROUND(A40*$B$5,0)>ROUND($B$3*$B$5,0),0,$B$4*$B$2/100/$B$5+IF(ROUND(A40*$B$5,0)=ROUND($B$3*$B$5,0),$B$4,0)) | C40: =IFERROR(VLOOKUP(A40,Courbe!$A$2:$B$121,2,FALSE),0) | D40: =EXP(-C40/100*A40) | E40: =B40*D40 | F40: =A40*E40
A41: =34/$B$5 | B41: =IF(ROUND(A41*$B$5,0)>ROUND($B$3*$B$5,0),0,$B$4*$B$2/100/$B$5+IF(ROUND(A41*$B$5,0)=ROUND($B$3*$B$5,0),$B$4,0)) | C41: =IFERROR(VLOOKUP(A41,Courbe!$A$2:$B$121,2,FALSE),0) | D41: =EXP(-C41/100*A41) | E41: =B41*D41 | F41: =A41*E41
A42: =35/$B$5 | B42: =IF(ROUND(A42*$B$5,0)>ROUND($B$3*$B$5,0),0,$B$4*$B$2/100/$B$5+IF(ROUND(A42*$B$5,0)=ROUND($B$3*$B$5,0),$B$4,0)) | C42: =IFERROR(VLOOKUP(A42,Courbe!$A$2:$B$121,2,FALSE),0) | D42: =EXP(-C42/100*A42) | E42: =B42*D42 | F42: =A42*E42
A43: =36/$B$5 | B43: =IF(ROUND(A43*$B$5,0)>ROUND($B$3*$B$5,0),0,$B$4*$B$2/100/$B$5+IF(ROUND(A43*$B$5,0)=ROUND($B$3*$B$5,0),$B$4,0)) | C43: =IFERROR(VLOOKUP(A43,Courbe!$A$2:$B$121,2,FALSE),0) | D43: =EXP(-C43/100*A43) | E43: =B43*D43 | F43: =A43*E43
A44: =37/$B$5 | B44: =IF(ROUND(A44*$B$5,0)>ROUND($B$3*$B$5,0),0,$B$4*$B$2/100/$B$5+IF(ROUND(A44*$B$5,0)=ROUND($B$3*$B$5,0),$B$4,0)) | C44: =IFERROR(VLOOKUP(A44,Courbe!$A$2:$B$121,2,FALSE),0) | D44: =EXP(-C44/100*A44) | E44: =B44*D44 | F44: =A44*E44
A45: =38/$B$5 | B45: =IF(ROUND(A45*$B$5,0)>ROUND($B$3*$B$5,0),0,$B$4*$B$2/100/$B$5+IF(ROUND(A45*$B$5,0)=ROUND($B$3*$B$5,0),$B$4,0)) | C45: =IFERROR(VLOOKUP(A45,Courbe!$A$2:$B$121,2,FALSE),0) | D45: =EXP(-C45/100*A45) | E45: =B45*D45 | F45: =A45*E45
A46: =39/$B$5 | B46: =IF(ROUND(A46*$B$5,0)>ROUND($B$3*$B$5,0),0,$B$4*$B$2/100/$B$5+IF(ROUND(A46*$B$5,0)=ROUND($B$3*$B$5,0),$B$4,0)) | C46: =IFERROR(VLOOKUP(A46,Courbe!$A$2:$B$121,2,FALSE),0) | D46: =EXP(-C46/100*A46) | E46: =B46*D46 | F46: =A46*E46
A47: =40/$B$5 | B47: =IF(ROUND(A47*$B$5,0)>ROUND($B$3*$B$5,0),0,$B$4*$B$2/100/$B$5+IF(ROUND(A47*$B$5,0)=ROUND($B$3*$B$5,0),$B$4,0)) | C47: =IFERROR(VLOOKUP(A47,Courbe!$A$2:$B$121,2,FALSE),0) | D47: =EXP(-C47/100*A47) | E47: =B47*D47 | F47: =A47*E47
A48: =41/$B$5 | B48: =IF(ROUND(A48*$B$5,0)>ROUND($B$3*$B$5,0),0,$B$4*$B$2/100/$B$5+IF(ROUND(A48*$B$5,0)=ROUND($B$3*$B$5,0),$B$4,0)) | C48: =IFERROR(VLOOKUP(A48,Courbe!$A$2:$B$121,2,FALSE),0) | D48: =EXP(-C48/100*A48) | E48: =B48*D48 | F48: =A48*E48
A49: =42/$B$5 | B49: =IF(ROUND(A49*$B$5,0)>ROUND($B$3*$B$5,0),0,$B$4*$B$2/100/$B$5+IF(ROUND(A49*$B$5,0)=ROUND($B$3*$B$5,0),$B$4,0)) | C49: =IFERROR(VLOOKUP(A49,Courbe!$A$2:$B$121,2,FALSE),0) | D49: =EXP(-C49/100*A49) | E49: =B49*D49 | F49: =A49*E49
A50: =43/$B$5 | B50: =IF(ROUND(A50*$B$5,0)>ROUND($B$3*$B$5,0),0,$B$4*$B$2/100/$B$5+IF(ROUND(A50*$B$5,0)=ROUND($B$3*$B$5,0),$B$4,0)) | C50: =IFERROR(VLOOKUP(A50,Courbe!$A$2:$B$121,2,FALSE),0) | D50: =EXP(-C50/100*A50) | E50: =B50*D50 | F50: =A50*E50
A51: =44/$B$5 | B51: =IF(ROUND(A51*$B$5,0)>ROUND($B$3*$B$5,0),0,$B$4*$B$2/100/$B$5+IF(ROUND(A51*$B$5,0)=ROUND($B$3*$B$5,0),$B$4,0)) | C51: =IFERROR(VLOOKUP(A51,Courbe!$A$2:$B$121,2,FALSE),0) | D51: =EXP(-C51/100*A51) | E51: =B51*D51 | F51: =A51*E51
A52: =45/$B$5 | B52: =IF(ROUND(A52*$B$5,0)>ROUND($B$3*$B$5,0),0,$B$4*$B$2/100/$B$5+IF(ROUND(A52*$B$5,0)=ROUND($B$3*$B$5,0),$B$4,0)) | C52: =IFERROR(VLOOKUP(A52,Courbe!$A$2:$B$121,2,FALSE),0) | D52: =EXP(-C52/100*A52) | E52: =B52*D52 | F52: =A52*E52
A53: =46/$B$5 | B53: =IF(ROUND(A53*$B$5,0)>ROUND($B$3*$B$5,0),0,$B$4*$B$2/100/$B$5+IF(ROUND(A53*$B$5,0)=ROUND($B$3*$B$5,0),$B$4,0)) | C53: =IFERROR(VLOOKUP(A53,Courbe!$A$2:$B$121,2,FALSE),0) | D53: =EXP(-C53/100*A53) | E53: =B53*D53 | F53: =A53*E53
A54: =47/$B$5 | B54: =IF(ROUND(A54*$B$5,0)>ROUND($B$3*$B$5,0),0,$B$4*$B$2/100/$B$5+IF(ROUND(A54*$B$5,0)=ROUND($B$3*$B$5,0),$B$4,0)) | C54: =IFERROR(VLOOKUP(A54,Courbe!$A$2:$B$121,2,FALSE),0) | D54: =EXP(-C54/100*A54) | E54: =B54*D54 | F54: =A54*E54
A55: =48/$B$5 | B55: =IF(ROUND(A55*$B$5,0)>ROUND($B$3*$B$5,0),0,$B$4*$B$2/100/$B$5+IF(ROUND(A55*$B$5,0)=ROUND($B$3*$B$5,0),$B$4,0)) | C55: =IFERROR(VLOOKUP(A55,Courbe!$A$2:$B$121,2,FALSE),0) | D55: =EXP(-C55/100*A55) | E55: =B55*D55 | F55: =A55*E55
A56: =49/$B$5 | B56: =IF(ROUND(A56*$B$5,0)>ROUND($B$3*$B$5,0),0,$B$4*$B$2/100/$B$5+IF(ROUND(A56*$B$5,0)=ROUND($B$3*$B$5,0),$B$4,0)) | C56: =IFERROR(VLOOKUP(A56,Courbe!$A$2:$B$121,2,FALSE),0) | D56: =EXP(-C56/100*A56) | E56: =B56*D56 | F56: =A56*E56
A57: =50/$B$5 | B57: =IF(ROUND(A57*$B$5,0)>ROUND($B$3*$B$5,0),0,$B$4*$B$2/100/$B$5+IF(ROUND(A57*$B$5,0)=ROUND($B$3*$B$5,0),$B$4,0)) | C57: =IFERROR(VLOOKUP(A57,Courbe!$A$2:$B$121,2,FALSE),0) | D57: =EXP(-C57/100*A57) | E57: =B57*D57 | F57: =A57*E57
A58: =51/$B$5 | B58: =IF(ROUND(A58*$B$5,0)>ROUND($B$3*$B$5,0),0,$B$4*$B$2/100/$B$5+IF(ROUND(A58*$B$5,0)=ROUND($B$3*$B$5,0),$B$4,0)) | C58: =IFERROR(VLOOKUP(A58,Courbe!$A$2:$B$121,2,FALSE),0) | D58: =EXP(-C58/100*A58) | E58: =B58*D58 | F58: =A58*E58
A59: =52/$B$5 | B59: =IF(ROUND(A59*$B$5,0)>ROUND($B$3*$B$5,0),0,$B$4*$B$2/100/$B$5+IF(ROUND(A59*$B$5,0)=ROUND($B$3*$B$5,0),$B$4,0)) | C59: =IFERROR(VLOOKUP(A59,Courbe!$A$2:$B$121,2,FALSE),0) | D59: =EXP(-C59/100*A59) | E59: =B59*D59 | F59: =A59*E59
A60: =53/$B$5 | B60: =IF(ROUND(A60*$B$5,0)>ROUND($B$3*$B$5,0),0,$B$4*$B$2/100/$B$5+IF(ROUND(A60*$B$5,0)=ROUND($B$3*$B$5,0),$B$4,0)) | C60: =IFERROR(VLOOKUP(A60,Courbe!$A$2:$B$121,2,FALSE),0) | D60: =EXP(-C60/100*A60) | E60: =B60*D60 | F60: =A60*E60
A61: =54/$B$5 | B61: =IF(ROUND(A61*$B$5,0)>ROUND($B$3*$B$5,0),0,$B$4*$B$2/100/$B$5+IF(ROUND(A61*$B$5,0)=ROUND($B$3*$B$5,0),$B$4,0)) | C61: =IFERROR(VLOOKUP(A61,Courbe!$A$2:$B$121,2,FALSE),0) | D61: =EXP(-C61/100*A61) | E61: =B61*D61 | F61: =A61*E61
A62: =55/$B$5 | B62: =IF(ROUND(A62*$B$5,0)>ROUND($B$3*$B$5,0),0,$B$4*$B$2/100/$B$5+IF(ROUND(A62*$B$5,0)=ROUND($B$3*$B$5,0),$B$4,0)) | C62: =IFERROR(VLOOKUP(A62,Courbe!$A$2:$B$121,2,FALSE),0) | D62: =EXP(-C62/100*A62) | E62: =B62*D62 | F62: =A62*E62
A63: =56/$B$5 | B63: =IF(ROUND(A63*$B$5,0)>ROUND($B$3*$B$5,0),0,$B$4*$B$2/100/$B$5+IF(ROUND(A63*$B$5,0)=ROUND($B$3*$B$5,0),$B$4,0)) | C63: =IFERROR(VLOOKUP(A63,Courbe!$A$2:$B$121,2,FALSE),0) | D63: =EXP(-C63/100*A63) | E63: =B63*D63 | F63: =A63*E63
A64: =57/$B$5 | B64: =IF(ROUND(A64*$B$5,0)>ROUND($B$3*$B$5,0),0,$B$4*$B$2/100/$B$5+IF(ROUND(A64*$B$5,0)=ROUND($B$3*$B$5,0),$B$4,0)) | C64: =IFERROR(VLOOKUP(A64,Courbe!$A$2:$B$121,2,FALSE),0) | D64: =EXP(-C64/100*A64) | E64: =B64*D64 | F64: =A64*E64
A65: =58/$B$5 | B65: =IF(ROUND(A65*$B$5,0)>ROUND($B$3*$B$5,0),0,$B$4*$B$2/100/$B$5+IF(ROUND(A65*$B$5,0)=ROUND($B$3*$B$5,0),$B$4,0)) | C65: =IFERROR(VLOOKUP(A65,Courbe!$A$2:$B$121,2,FALSE),0) | D65: =EXP(-C65/100*A65) | E65: =B65*D65 | F65: =A65*E65
A66: =59/$B$5 | B66: =IF(ROUND(A66*$B$5,0)>ROUND($B$3*$B$5,0),0,$B$4*$B$2/100/$B$5+IF(ROUND(A66*$B$5,0)=ROUND($B$3*$B$5,0),$B$4,0)) | C66: =IFERROR(VLOOKUP(A66,Courbe!$A$2:$B$121,2,FALSE),0) | D66: =EXP(-C66/100*A66) | E66: =B66*D66 | F66: =A66*E66
A67: =60/$B$5 | B67: =IF(ROUND(A67*$B$5,0)>ROUND($B$3*$B$5,0),0,$B$4*$B$2/100/$B$5+IF(ROUND(A67*$B$5,0)=ROUND($B$3*$B$5,0),$B$4,0)) | C67: =IFERROR(VLOOKUP(A67,Courbe!$A$2:$B$121,2,FALSE),0) | D67: =EXP(-C67/100*A67) | E67: =B67*D67 | F67: =A67*E67
A69: Prix | B69: =SUM(E8:E67)
A70: Duration de Macaulay (années) | B70: =SUM(F8:F67)/B69

Sheet Chocs
A1: Échéance (années) | B1: Courbe de base (%) | C1: parallele_hausse | D1: parallele_baisse | E1: pentification | F1: aplatissement | G1: court_hausse | H1: court_baisse
A2: 0.25 | B2: =Courbe!B2 | C2: =$B2+2.0 | D2: =$B2+-2.0 | E2: =$B2+-1.5838 | F2: =$B2+2.0031 | G2: =$B2+2.5834 | H2: =$B2+-2.5834
A3: 0.5 | B3: =Courbe!B3 | C3: =$B3+2.0 | D3: =$B3+-2.0 | E3: =$B3+-1.3924 | F3: =$B3+1.8181 | G3: =$B3+2.4269 | H3: =$B3+-2.4269
A4: 0.75 | B4: =Courbe!B4 | C4: =$B4+2.0 | D4: =$B4+-2.0 | E4: =$B4+-1.2126 | F4: =$B4+1.6443 | G4: =$B4+2.2798 | H4: =$B4+-2.2798
A5: 1 | B5: =Courbe!B5 | C5: =$B5+2.0 | D5: =$B5+-2.0 | E5: =$B5+-1.0437 | F5: =$B5+1.4811 | G5: =$B5+2.1417 | H5: =$B5+-2.1417
A6: 1.25 | B6: =Courbe!B6 | C6: =$B6+2.0 | D6: =$B6+-2.0 | E6: =$B6+-0.8851 | F6: =$B6+1.3278 | G6: =$B6+2.0119 | H6: =$B6+-2.0119
A7: 1.5 | B7: =Courbe!B7 | C7: =$B7+2.0 | D7: =$B7+-2.0 | E7: =$B7+-0.736 | F7: =$B7+1.1837 | G7: =$B7+1.89 | H7: =$B7+-1.89
A8: 1.75 | B8: =Courbe!B8 | C8: =$B8+2.0 | D8: =$B8+-2.0 | E8: =$B8+-0.596 | F8: =$B8+1.0484 | G8: =$B8+1.7755 | H8: =$B8+-1.7755
A9: 2 | B9: =Courbe!B9 | C9: =$B9+2.0 | D9: =$B9+-2.0 | E9: =$B9+-0.4645 | F9: =$B9+0.9212 | G9: =$B9+1.668 | H9: =$B9+-1.668
A10: 2.25 | B10: =Courbe!B10 | C10: =$B10+2.0 | D10: =$B10+-2.0 | E10: =$B10+-0.3409 | F10: =$B10+0.8018 | G10: =$B10+1.5669 | H10: =$B10+-1.5669
A11: 2.5 | B11: =Courbe!B11 | C11: =$B11+2.0 | D11: =$B11+-2.0 | E11: =$B11+-0.2248 | F11: =$B11+0.6896 | G11: =$B11+1.472 | H11: =$B11+-1.472
A12: 2.75 | B12: =Courbe!B12 | C12: =$B12+2.0 | D12: =$B12+-2.0 | E12: =$B12+-0.1158 | F12: =$B12+0.5842 | G12: =$B12+1.3828 | H12: =$B12+-1.3828
A13: 3 | B13: =Courbe!B13 | C13: =$B13+2.0 | D13: =$B13+-2.0 | E13: =$B13+-0.0133 | F13: =$B13+0.4852 | G13: =$B13+1.299 | H13: =$B13+-1.299
A14: 3.25 | B14: =Courbe!B14 | C14: =$B14+2.0 | D14: =$B14+-2.0 | E14: =$B14+0.0829 | F14: =$B14+0.3922 | G14: =$B14+1.2203 | H14: =$B14+-1.2203
A15: 3.5 | B15: =Courbe!B15 | C15: =$B15+2.0 | D15: =$B15+-2.0 | E15: =$B15+0.1733 | F15: =$B15+0.3048 | G15: =$B15+1.1464 | H15: =$B15+-1.1464
A16: 3.75 | B16: =Courbe!B16 | C16: =$B16+2.0 | D16: =$B16+-2.0 | E16: =$B16+0.2582 | F16: =$B16+0.2227 | G16: =$B16+1.0769 | H16: =$B16+-1.0769
A17: 4 | B17: =Courbe!B17 | C17: =$B17+2.0 | D17: =$B17+-2.0 | E17: =$B17+0.338 | F17: =$B17+0.1456 | G17: =$B17+1.0117 | H17: =$B17+-1.0117
A18: 4.25 | B18: =Courbe!B18 | C18: =$B18+2.0 | D18: =$B18+-2.0 | E18: =$B18+0.413 | F18: =$B18+0.0732 | G18: =$B18+0.9504 | H18: =$B18+-0.9504
A19: 4.5 | B19: =Courbe!B19 | C19: =$B19+2.0 | D19: =$B19+-2.0 | E19: =$B19+0.4834 | F19: =$B19+0.0051 | G19: =$B19+0.8928 | H19: =$B19+-0.8928
A20: 4.75 | B20: =Courbe!B20 | C20: =$B20+2.0 | D20: =$B20+-2.0 | E20: =$B20+0.5495 | F20: =$B20+-0.0588 | G20: =$B20+0.8387 | H20: =$B20+-0.8387
A21: 5 | B21: =Courbe!B21 | C21: =$B21+2.0 | D21: =$B21+-2.0 | E21: =$B21+0.6116 | F21: =$B21+-0.1189 | G21: =$B21+0.7879 | H21: =$B21+-0.7879
A22: 5.25 | B22: =Courbe!B22 | C22: =$B22+2.0 | D22: =$B22+-2.0 | E22: =$B22+0.67 | F22: =$B22+-0.1753 | G22: =$B22+0.7402 | H22: =$B22+-0.7402
A23: 5.5 | B23: =Courbe!B23 | C23: =$B23+2.0 | D23: =$B23+-2.0 | E23: =$B23+0.7248 | F23: =$B23+-0.2283 | G23: =$B23+0.6953 | H23: =$B23+-0.6953
A24: 5.75 | B24: =Courbe!B24 | C24: =$B24+2.0 | D24: =$B24+-2.0 | E24: =$B24+0.7763 | F24: =$B24+-0.2781 | G24: =$B24+0.6532 | H24: =$B24+-0.6532
A25: 6 | B25: =Courbe!B25 | C25: =$B25+2.0 | D25: =$B25+-2.0 | E25: =$B25+0.8247 | F25: =$B25+-0.3248 | G25: =$B25+0.6136 | H25: =$B25+-0.6136
A26: 6.25 | B26: =Courbe!B26 | C26: =$B26+2.0 | D26: =$B26+-2.0 | E26: =$B26+0.8702 | F26: =$B26+-0.3688 | G26: =$B26+0.5764 | H26: =$B26+-0.5764
A27: 6.5 | B27: =Courbe!B27 | C27: =$B27+2.0 | D27: =$B27+-2.0 | E27: =$B27+0.9129 | F27: =$B27+-0.41 | G27: =$B27+0.5415 | H27: =$B27+-0.5415
A28: 6.75 | B28: =Courbe!B28 | C28: =$B28+2.0 | D28: =$B28+-2.0 | E28: =$B28+0.953 | F28: =$B28+-0.4488 | G28: =$B28+0.5087 | H28: =$B28+-0.5087
A29: 7 | B29: =Courbe!B29 | C29: =$B29+2.0 | D29: =$B29+-2.0 | E29: =$B29+0.9907 | F29: =$B29+-0.4852 | G29: =$B29+0.4779 | H29: =$B29+-0.4779
A30: 7.25 | B30: =Courbe!B30 | C30: =$B30+2.0 | D30: =$B30+-2.0 | E30: =$B30+1.0261 | F30: =$B30+-0.5195 | G30: =$B30+0.4489 | H30: =$B30+-0.4489
A31: 7.5 | B31: =Courbe!B31 | C31: =$B31+2.0 | D31: =$B31+-2.0 | E31: =$B31+1.0593 | F31: =$B31+-0.5516 | G31: =$B31+0.4217 | H31: =$B31+-0.4217
A32: 7.75 | B32: =Courbe!B32 | C32: =$B32+2.0 | D32: =$B32+-2.0 | E32: =$B32+1.0906 | F32: =$B32+-0.5818 | G32: =$B32+0.3962 | H32: =$B32+-0.3962
A33: 8 | B33: =Courbe!B33 | C33: =$B33+2.0 | D33: =$B33+-2.0 | E33: =$B33+1.1199 | F33: =$B33+-0.6102 | G33: =$B33+0.3722 | H33: =$B33+-0.3722
A34: 8.25 | B34: =Courbe!B34 | C34: =$B34+2.0 | D34: =$B34+-2.0 | E34: =$B34+1.1475 | F34: =$B34+-0.6368 | G34: =$B34+0.3496 | H34: =$B34+-0.3496
A35: 8.5 | B35: =Courbe!B35 | C35: =$B35+2.0 | D35: =$B35+-2.0 | E35: =$B35+1.1734 | F35: =$B35+-0.6618 | G35: =$B35+0.3284 | H35: =$B35+-0.3284
A36: 8.75 | B36: =Courbe!B36 | C36: =$B36+2.0 | D36: =$B36+-2.0 | E36: =$B36+1.1977 | F36: =$B36+-0.6854 | G36: =$B36+0.3085 | H36: =$B36+-0.3085
A37: 9 | B37: =Courbe!B37 | C37: =$B37+2.0 | D37: =$B37+-2.0 | E37: =$B37+1.2206 | F37: =$B37+-0.7075 | G37: =$B37+0.2898 | H37: =$B37+-0.2898
A38: 9.25 | B38: =Courbe!B38 | C38: =$B38+2.0 | D38: =$B38+-2.0 | E38: =$B38+1.2421 | F38: =$B38+-0.7282 | G38: =$B38+0.2723 | H38: =$B38+-0.2723
A39: 9.5 | B39: =Courbe!B39 | C39: =$B39+2.0 | D39: =$B39+-2.0 | E39: =$B39+1.2622 | F39: =$B39+-0.7477 | G39: =$B39+0.2558 | H39: =$B39+-0.2558
A40: 9.75 | B40: =Courbe!B40 | C40: =$B40+2.0 | D40: =$B40+-2.0 | E40: =$B40+1.2812 | F40: =$B40+-0.766 | G40: =$B40+0.2403 | H40: =$B40+-0.2403
A41: 10 | B41: =Courbe!B41 | C41: =$B41+2.0 | D41: =$B41+-2.0 | E41: =$B41+1.299 | F41: =$B41+-0.7832 | G41: =$B41+0.2257 | H41: =$B41+-0.2257
A42: 10.25 | B42: =Courbe!B42 | C42: =$B42+2.0 | D42: =$B42+-2.0 | E42: =$B42+1.3157 | F42: =$B42+-0.7994 | G42: =$B42+0.2121 | H42: =$B42+-0.2121
A43: 10.5 | B43: =Courbe!B43 | C43: =$B43+2.0 | D43: =$B43+-2.0 | E43: =$B43+1.3314 | F43: =$B43+-0.8146 | G43: =$B43+0.1992 | H43: =$B43+-0.1992
A44: 10.75 | B44: =Courbe!B44 | C44: =$B44+2.0 | D44: =$B44+-2.0 | E44: =$B44+1.3462 | F44: =$B44+-0.8288 | G44: =$B44+0.1871 | H44: =$B44+-0.1871
A45: 11 | B45: =Courbe!B45 | C45: =$B45+2.0 | D45: =$B45+-2.0 | E45: =$B45+1.36 | F45: =$B45+-0.8422 | G45: =$B45+0.1758 | H45: =$B45+-0.1758
A46: 11.25 | B46: =Courbe!B46 | C46: =$B46+2.0 | D46: =$B46+-2.0 | E46: =$B46+1.3731 | F46: =$B46+-0.8548 | G46: =$B46+0.1652 | H46: =$B46+-0.1652
A47: 11.5 | B47: =Courbe!B47 | C47: =$B47+2.0 | D47: =$B47+-2.0 | E47: =$B47+1.3853 | F47: =$B47+-0.8666 | G47: =$B47+0.1551 | H47: =$B47+-0.1551
A48: 11.75 | B48: =Courbe!B48 | C48: =$B48+2.0 | D48: =$B48+-2.0 | E48: =$B48+1.3968 | F48: =$B48+-0.8778 | G48: =$B48+0.1457 | H48: =$B48+-0.1457
A49: 12 | B49: =Courbe!B49 | C49: =$B49+2.0 | D49: =$B49+-2.0 | E49: =$B49+1.4076 | F49: =$B49+-0.8882 | G49: =$B49+0.1369 | H49: =$B49+-0.1369
A50: 12.25 | B50: =Courbe!B50 | C50: =$B50+2.0 | D50: =$B50+-2.0 | E50: =$B50+1.4177 | F50: =$B50+-0.898 | G50: =$B50+0.1286 | H50: =$B50+-0.1286
A51: 12.5 | B51: =Courbe!B51 | C51: =$B51+2.0 | D51: =$B51+-2.0 | E51: =$B51+1.4273 | F51: =$B51+-0.9072 | G51: =$B51+0.1208 | H51: =$B51+-0.1208
A52: 12.75 | B52: =Courbe!B52 | C52: =$B52+2.0 | D52: =$B52+-2.0 | E52: =$B52+1.4362 | F52: =$B52+-0.9159 | G52: =$B52+0.1135 | H52: =$B52+-0.1135
A53: 13 | B53: =Courbe!B53 | C53: =$B53+2.0 | D53: =$B53+-2.0 | E53: =$B53+1.4446 | F53: =$B53+-0.924 | G53: =$B53+0.1066 | H53: =$B53+-0.1066
A54: 13.25 | B54: =Courbe!B54 | C54: =$B54+2.0 | D54: =$B54+-2.0 | E54: =$B54+1.4525 | F54: =$B54+-0.9316 | G54: =$B54+0.1002 | H54: =$B54+-0.1002
A55: 13.5 | B55: =Courbe!B55 | C55: =$B55+2.0 | D55: =$B55+-2.0 | E55: =$B55+1.4599 | F55: =$B55+-0.9388 | G55: =$B55+0.0941 | H55: =$B55+-0.0941
A56: 13.75 | B56: =Courbe!B56 | C56: =$B56+2.0 | D56: =$B56+-2.0 | E56: =$B56+1.4669 | F56: =$B56+-0.9455 | G56: =$B56+0.0884 | H56: =$B56+-0.0884
A57: 14 | B57: =Courbe!B57 | C57: =$B57+2.0 | D57: =$B57+-2.0 | E57: =$B57+1.4735 | F57: =$B57+-0.9519 | G57: =$B57+0.083 | H57: =$B57+-0.083
A58: 14.25 | B58: =Courbe!B58 | C58: =$B58+2.0 | D58: =$B58+-2.0 | E58: =$B58+1.4796 | F58: =$B58+-0.9578 | G58: =$B58+0.078 | H58: =$B58+-0.078
A59: 14.5 | B59: =Courbe!B59 | C59: =$B59+2.0 | D59: =$B59+-2.0 | E59: =$B59+1.4854 | F59: =$B59+-0.9634 | G59: =$B59+0.0733 | H59: =$B59+-0.0733
A60: 14.75 | B60: =Courbe!B60 | C60: =$B60+2.0 | D60: =$B60+-2.0 | E60: =$B60+1.4908 | F60: =$B60+-0.9686 | G60: =$B60+0.0688 | H60: =$B60+-0.0688
A61: 15 | B61: =Courbe!B61 | C61: =$B61+2.0 | D61: =$B61+-2.0 | E61: =$B61+1.4959 | F61: =$B61+-0.9736 | G61: =$B61+0.0647 | H61: =$B61+-0.0647
A62: 15.25 | B62: =Courbe!B62 | C62: =$B62+2.0 | D62: =$B62+-2.0 | E62: =$B62+1.5007 | F62: =$B62+-0.9782 | G62: =$B62+0.0608 | H62: =$B62+-0.0608
A63: 15.5 | B63: =Courbe!B63 | C63: =$B63+2.0 | D63: =$B63+-2.0 | E63: =$B63+1.5052 | F63: =$B63+-0.9825 | G63: =$B63+0.0571 | H63: =$B63+-0.0571
A64: 15.75 | B64: =Courbe!B64 | C64: =$B64+2.0 | D64: =$B64+-2.0 | E64: =$B64+1.5094 | F64: =$B64+-0.9866 | G64: =$B64+0.0536 | H64: =$B64+-0.0536
A65: 16 | B65: =Courbe!B65 | C65: =$B65+2.0 | D65: =$B65+-2.0 | E65: =$B65+1.5134 | F65: =$B65+-0.9905 | G65: =$B65+0.0504 | H65: =$B65+-0.0504
A66: 16.25 | B66: =Courbe!B66 | C66: =$B66+2.0 | D66: =$B66+-2.0 | E66: =$B66+1.5171 | F66: =$B66+-0.9941 | G66: =$B66+0.0473 | H66: =$B66+-0.0473
A67: 16.5 | B67: =Courbe!B67 | C67: =$B67+2.0 | D67: =$B67+-2.0 | E67: =$B67+1.5207 | F67: =$B67+-0.9975 | G67: =$B67+0.0444 | H67: =$B67+-0.0444
A68: 16.75 | B68: =Courbe!B68 | C68: =$B68+2.0 | D68: =$B68+-2.0 | E68: =$B68+1.5239 | F68: =$B68+-1.0007 | G68: =$B68+0.0418 | H68: =$B68+-0.0418
A69: 17 | B69: =Courbe!B69 | C69: =$B69+2.0 | D69: =$B69+-2.0 | E69: =$B69+1.527 | F69: =$B69+-1.0036 | G69: =$B69+0.0392 | H69: =$B69+-0.0392
A70: 17.25 | B70: =Courbe!B70 | C70: =$B70+2.0 | D70: =$B70+-2.0 | E70: =$B70+1.5299 | F70: =$B70+-1.0064 | G70: =$B70+0.0369 | H70: =$B70+-0.0369
A71: 17.5 | B71: =Courbe!B71 | C71: =$B71+2.0 | D71: =$B71+-2.0 | E71: =$B71+1.5327 | F71: =$B71+-1.0091 | G71: =$B71+0.0346 | H71: =$B71+-0.0346
A72: 17.75 | B72: =Courbe!B72 | C72: =$B72+2.0 | D72: =$B72+-2.0 | E72: =$B72+1.5352 | F72: =$B72+-1.0116 | G72: =$B72+0.0325 | H72: =$B72+-0.0325
A73: 18 | B73: =Courbe!B73 | C73: =$B73+2.0 | D73: =$B73+-2.0 | E73: =$B73+1.5376 | F73: =$B73+-1.0139 | G73: =$B73+0.0305 | H73: =$B73+-0.0305
A74: 18.25 | B74: =Courbe!B74 | C74: =$B74+2.0 | D74: =$B74+-2.0 | E74: =$B74+1.5399 | F74: =$B74+-1.0161 | G74: =$B74+0.0287 | H74: =$B74+-0.0287
A75: 18.5 | B75: =Courbe!B75 | C75: =$B75+2.0 | D75: =$B75+-2.0 | E75: =$B75+1.542 | F75: =$B75+-1.0181 | G75: =$B75+0.027 | H75: =$B75+-0.027
A76: 18.75 | B76: =Courbe!B76 | C76: =$B76+2.0 | D76: =$B76+-2.0 | E76: =$B76+1.544 | F76: =$B76+-1.0201 | G76: =$B76+0.0253 | H76: =$B76+-0.0253
A77: 19 | B77: =Courbe!B77 | C77: =$B77+2.0 | D77: =$B77+-2.0 | E77: =$B77+1.5459 | F77: =$B77+-1.0219 | G77: =$B77+0.0238 | H77: =$B77+-0.0238
A78: 19.25 | B78: =Courbe!B78 | C78: =$B78+2.0 | D78: =$B78+-2.0 | E78: =$B78+1.5477 | F78: =$B78+-1.0236 | G78: =$B78+0.0224 | H78: =$B78+-0.0224
A79: 19.5 | B79: =Courbe!B79 | C79: =$B79+2.0 | D79: =$B79+-2.0 | E79: =$B79+1.5493 | F79: =$B79+-1.0252 | G79: =$B79+0.021 | H79: =$B79+-0.021
A80: 19.75 | B80: =Courbe!B80 | C80: =$B80+2.0 | D80: =$B80+-2.0 | E80: =$B80+1.5509 | F80: =$B80+-1.0267 | G80: =$B80+0.0197 | H80: =$B80+-0.0197
A81: 20 | B81: =Courbe!B81 | C81: =$B81+2.0 | D81: =$B81+-2.0 | E81: =$B81+1.5523 | F81: =$B81+-1.0281 | G81: =$B81+0.0185 | H81: =$B81+-0.0185
A82: 20.25 | B82: =Courbe!B82 | C82: =$B82+2.0 | D82: =$B82+-2.0 | E82: =$B82+1.5537 | F82: =$B82+-1.0294 | G82: =$B82+0.0174 | H82: =$B82+-0.0174
A83: 20.5 | B83: =Courbe!B83 | C83: =$B83+2.0 | D83: =$B83+-2.0 | E83: =$B83+1.555 | F83: =$B83+-1.0307 | G83: =$B83+0.0164 | H83: =$B83+-0.0164
A84: 20.75 | B84: =Courbe!B84 | C84: =$B84+2.0 | D84: =$B84+-2.0 | E84: =$B84+1.5562 | F84: =$B84+-1.0318 | G84: =$B84+0.0154 | H84: =$B84+-0.0154
A85: 21 | B85: =Courbe!B85 | C85: =$B85+2.0 | D85: =$B85+-2.0 | E85: =$B85+1.5574 | F85: =$B85+-1.0329 | G85: =$B85+0.0144 | H85: =$B85+-0.0144
A86: 21.25 | B86: =Courbe!B86 | C86: =$B86+2.0 | D86: =$B86+-2.0 | E86: =$B86+1.5584 | F86: =$B86+-1.034 | G86: =$B86+0.0136 | H86: =$B86+-0.0136
A87: 21.5 | B87: =Courbe!B87 | C87: =$B87+2.0 | D87: =$B87+-2.0 | E87: =$B87+1.5594 | F87: =$B87+-1.0349 | G87: =$B87+0.0127 | H87: =$B87+-0.0127
A88: 21.75 | B88: =Courbe!B88 | C88: =$B88+2.0 | D88: =$B88+-2.0 | E88: =$B88+1.5604 | F88: =$B88+-1.0359 | G88: =$B88+0.012 | H88: =$B88+-0.012
A89: 22 | B89: =Courbe!B89 | C89: =$B89+2.0 | D89: =$B89+-2.0 | E89: =$B89+1.5613 | F89: =$B89+-1.0367 | G89: =$B89+0.0112 | H89: =$B89+-0.0112
A90: 22.25 | B90: =Courbe!B90 | C90: =$B90+2.0 | D90: =$B90+-2.0 | E90: =$B90+1.5621 | F90: =$B90+-1.0375 | G90: =$B90+0.0106 | H90: =$B90+-0.0106
A91: 22.5 | B91: =Courbe!B91 | C91: =$B91+2.0 | D91: =$B91+-2.0 | E91: =$B91+1.5629 | F91: =$B91+-1.0383 | G91: =$B91+0.0099 | H91: =$B91+-0.0099
A92: 22.75 | B92: =Courbe!B92 | C92: =$B92+2.0 | D92: =$B92+-2.0 | E92: =$B92+1.5636 | F92: =$B92+-1.039 | G92: =$B92+0.0093 | H92: =$B92+-0.0093
A93: 23 | B93: =Courbe!B93 | C93: =$B93+2.0 | D93: =$B93+-2.0 | E93: =$B93+1.5643 | F93: =$B93+-1.0397 | G93: =$B93+0.0088 | H93: =$B93+-0.0088
A94: 23.25 | B94: =Courbe!B94 | C94: =$B94+2.0 | D94: =$B94+-2.0 | E94: =$B94+1.5649 | F94: =$B94+-1.0403 | G94: =$B94+0.0082 | H94: =$B94+-0.0082
A95: 23.5 | B95: =Courbe!B95 | C95: =$B95+2.0 | D95: =$B95+-2.0 | E95: =$B95+1.5656 | F95: =$B95+-1.0409 | G95: =$B95+0.0077 | H95: =$B95+-0.0077
A96: 23.75 | B96: =Courbe!B96 | C96: =$B96+2.0 | D96: =$B96+-2.0 | E96: =$B96+1.5661 | F96: =$B96+-1.0414 | G96: =$B96+0.0073 | H96: =$B96+-0.0073
A97: 24 | B97: =Courbe!B97 | C97: =$B97+2.0 | D97: =$B97+-2.0 | E97: =$B97+1.5667 | F97: =$B97+-1.0419 | G97: =$B97+0.0068 | H97: =$B97+-0.0068
A98: 24.25 | B98: =Courbe!B98 | C98: =$B98+2.0 | D98: =$B98+-2.0 | E98: =$B98+1.5672 | F98: =$B98+-1.0424 | G98: =$B98+0.0064 | H98: =$B98+-0.0064
A99: 24.5 | B99: =Courbe!B99 | C99: =$B99+2.0 | D99: =$B99+-2.0 | E99: =$B99+1.5676 | F99: =$B99+-1.0429 | G99: =$B99+0.006 | H99: =$B99+-0.006
A100: 24.75 | B100: =Courbe!B100 | C100: =$B100+2.0 | D100: =$B100+-2.0 | E100: =$B100+1.5681 | F100: =$B100+-1.0433 | G100: =$B100+0.0057 | H100: =$B100+-0.0057
...
